{"client_meta":{"background_color":{"r":0.11764705926179886,"g":0.11764705926179886,"b":0.11764705926179886,"a":1},"thumbnail_size":{"width":400,"height":302},"render_coordinates":{"x":-3330,"y":-5255.2255859375,"width":27308,"height":20625.2265625}},"file_name":"Untitled","developer_related_links":[]}